<?xml version="1.0" encoding="UTF-8"?>
<project-private xmlns="http://www.netbeans.org/ns/project-private/1">
    <editor-bookmarks xmlns="http://www.netbeans.org/ns/editor-bookmarks/2" lastBookmarkId="0"/>
    <open-files xmlns="http://www.netbeans.org/ns/projectui-open-files/2">
        <group>
            <file>file:/C:/Oracle/JavaFX8.0/Samples/UIControlSamples/src/radiobuttonsample/RadioButtonSample.java</file>
            <file>file:/C:/Oracle/JavaFX8.0/Samples/UIControlSamples/src/datepickersample/DatePickerSample.java</file>
            <file>file:/C:/Oracle/JavaFX8.0/Samples/UIControlSamples/src/scrollbarsample/ScrollBarSample.java</file>
            <file>file:/C:/Oracle/JavaFX8.0/Samples/UIControlSamples/src/passwordfieldsample/PasswordFiledSample.java</file>
            <file>file:/C:/Oracle/JavaFX8.0/Samples/UIControlSamples/src/buttonsample/ButtonSample.java</file>
            <file>file:/C:/Oracle/JavaFX8.0/Samples/UIControlSamples/src/scrollpanesample/ScrollPaneSample.java</file>
            <file>file:/C:/Oracle/JavaFX8.0/Samples/UIControlSamples/src/checkboxsample/CheckboxSample.java</file>
            <file>file:/C:/Oracle/JavaFX8.0/Samples/UIControlSamples/src/treetableviewsample/TreeTableViewSample.java</file>
        </group>
    </open-files>
</project-private>
